2026-08-29T20:13:53Z,0.0006
2026-08-29T20:13:54Z,0.0006
2026-08-29T20:13:55Z,0.0006
2026-08-29T20:13:56Z,0.0006
2026-08-29T20:13:57Z,0.0006
2026-08-29T20:13:58Z,0.0013
2026-08-29T20:13:59Z,0.0013
2026-08-29T20:14:00Z,0.0013
2026-08-29T20:14:01Z,0.0013
2026-08-29T20:14:02Z,0.0015
2026-08-29T20:14:03Z,0.0015
2026-08-29T20:14:04Z,0.0015
2026-08-29T20:14:05Z,0.0015
2026-08-29T20:14:06Z,0.0016
2026-08-29T20:14:07Z,0.0016
2026-08-29T20:14:08Z,0.0016
2026-08-29T20:14:09Z,0.0016
2026-08-29T20:14:10Z,0.0018
2026-08-29T20:14:11Z,0.0018
2026-08-29T20:14:12Z,0.0019
2026-08-29T20:14:13Z,0.0019
2026-08-29T20:14:14Z,0.0027
2026-08-29T20:14:15Z,0.0027
2026-08-29T20:14:16Z,0.0032
2026-08-29T20:14:17Z,0.0032
2026-08-29T20:14:18Z,0.0027
2026-08-29T20:14:19Z,0.0027
2026-08-29T20:14:20Z,0.0032
2026-08-29T20:14:21Z,0.0032
2026-08-29T20:14:22Z,0.0032
2026-08-29T20:14:23Z,0.0032
2026-08-29T20:14:24Z,0.0040
2026-08-29T20:14:25Z,0.0040
2026-08-29T20:14:26Z,0.0036
2026-08-29T20:14:27Z,0.0036
2026-08-29T20:14:28Z,0.0036
2026-08-29T20:14:29Z,0.0036
2026-08-29T20:14:30Z,0.0040
2026-08-29T20:14:31Z,0.0040
2026-08-29T20:14:32Z,0.0040
2026-08-29T20:14:33Z,0.0040
2026-08-29T20:14:34Z,0.0040
2026-08-29T20:14:35Z,0.0040
2026-08-29T20:14:36Z,0.0047
2026-08-29T20:14:37Z,0.0047
2026-08-29T20:14:38Z,0.0050
2026-08-29T20:14:39Z,0.0050
2026-08-29T20:14:40Z,0.0063
2026-08-29T20:14:41Z,0.0063
2026-08-29T20:14:42Z,0.0063
2026-08-29T20:14:43Z,0.0063
2026-08-29T20:14:44Z,0.0057
2026-08-29T20:14:45Z,0.0057
2026-08-29T20:14:46Z,0.0063
2026-08-29T20:14:47Z,0.0063
2026-08-29T20:14:48Z,0.0061
2026-08-29T20:14:49Z,0.0061
2026-08-29T20:14:50Z,0.0057
2026-08-29T20:14:51Z,0.0057
2026-08-29T20:14:52Z,0.0061
2026-08-29T20:14:53Z,0.0061
2026-08-29T20:14:54Z,0.0078
2026-08-29T20:14:55Z,0.0078
2026-08-29T20:14:56Z,0.0080
2026-08-29T20:14:57Z,0.0080
2026-08-29T20:14:58Z,0.0080
2026-08-29T20:14:59Z,0.0080
2026-08-29T20:15:00Z,0.0085
2026-08-29T20:15:01Z,0.0085
2026-08-29T20:15:02Z,0.0085
2026-08-29T20:15:03Z,0.0085
2026-08-29T20:15:04Z,0.0085
2026-08-29T20:15:05Z,0.0085
2026-08-29T20:15:06Z,0.0085
2026-08-29T20:15:07Z,0.0085
2026-08-29T20:15:08Z,0.0091
2026-08-29T20:15:09Z,0.0091
2026-08-29T20:15:10Z,0.0085
2026-08-29T20:15:11Z,0.0085
2026-08-29T20:15:12Z,0.0086
2026-08-29T20:15:13Z,0.0086
2026-08-29T20:15:14Z,0.0094
2026-08-29T20:15:15Z,0.0094
2026-08-29T20:15:16Z,0.0094
2026-08-29T20:15:17Z,0.0095
2026-08-29T20:15:18Z,0.0106
2026-08-29T20:15:19Z,0.0106
2026-08-29T20:15:20Z,0.0113
2026-08-29T20:15:21Z,0.0113
2026-08-29T20:15:22Z,0.0114
2026-08-29T20:15:23Z,0.0114
2026-08-29T20:15:24Z,0.0124
2026-08-29T20:15:25Z,0.0124
2026-08-29T20:15:26Z,0.0128
2026-08-29T20:15:27Z,0.0128
2026-08-29T20:15:28Z,0.0128
2026-08-29T20:15:29Z,0.0128
2026-08-29T20:15:30Z,0.0128
2026-08-29T20:15:31Z,0.0128
2026-08-29T20:15:32Z,0.0136
2026-08-29T20:15:33Z,0.0136
2026-08-29T20:15:34Z,0.0132
2026-08-29T20:15:35Z,0.0133
2026-08-29T20:15:36Z,0.0133
2026-08-29T20:15:37Z,0.0133
2026-08-29T20:15:38Z,0.0149
2026-08-29T20:15:39Z,0.0149
2026-08-29T20:15:40Z,0.0149
2026-08-29T20:15:41Z,0.0150
2026-08-29T20:15:42Z,0.0150
2026-08-29T20:15:43Z,0.0150
2026-08-29T20:15:44Z,0.0154
2026-08-29T20:15:45Z,0.0154
2026-08-29T20:15:46Z,0.0172
2026-08-29T20:15:47Z,0.0172
2026-08-29T20:15:48Z,0.0172
2026-08-29T20:15:49Z,0.0172
2026-08-29T20:15:50Z,0.0177
2026-08-29T20:15:51Z,0.0177
2026-08-29T20:15:52Z,0.0186
2026-08-29T20:15:53Z,0.0187
2026-08-29T20:15:54Z,0.0187
2026-08-29T20:15:55Z,0.0187
2026-08-29T20:15:56Z,0.0178
2026-08-29T20:15:57Z,0.0178
2026-08-29T20:15:58Z,0.0188
2026-08-29T20:15:59Z,0.0188
2026-08-29T20:16:00Z,0.0188
2026-08-29T20:16:01Z,0.0188
2026-08-29T20:16:02Z,0.0188
2026-08-29T20:16:03Z,0.0189
2026-08-29T20:16:04Z,0.0189
2026-08-29T20:16:05Z,0.0189
2026-08-29T20:16:06Z,0.0210
2026-08-29T20:16:07Z,0.0210
2026-08-29T20:16:08Z,0.0224
2026-08-29T20:16:09Z,0.0224
2026-08-29T20:16:10Z,0.0224
2026-08-29T20:16:11Z,0.0224
2026-08-29T20:16:12Z,0.0211
2026-08-29T20:16:13Z,0.0212
2026-08-29T20:16:14Z,0.0225
2026-08-29T20:16:15Z,0.0225
2026-08-29T20:16:16Z,0.0225
2026-08-29T20:16:17Z,0.0226
2026-08-29T20:16:18Z,0.0218
2026-08-29T20:16:19Z,0.0218
2026-08-29T20:16:20Z,0.0212
2026-08-29T20:16:21Z,0.0212
2026-08-29T20:16:22Z,0.0219
2026-08-29T20:16:23Z,0.0219
2026-08-29T20:16:24Z,0.0213
2026-08-29T20:16:25Z,0.0213
2026-08-29T20:16:26Z,0.0215
2026-08-29T20:16:27Z,0.0215
2026-08-29T20:16:28Z,0.0216
2026-08-29T20:16:29Z,0.0216
2026-08-29T20:16:30Z,0.0216
2026-08-29T20:16:31Z,0.0217
2026-08-29T20:16:32Z,0.0217
2026-08-29T20:16:33Z,0.0217
2026-08-29T20:16:34Z,0.0226
2026-08-29T20:16:35Z,0.0226
2026-08-29T20:16:36Z,0.0236
2026-08-29T20:16:37Z,0.0237
2026-08-29T20:16:38Z,0.0229
2026-08-29T20:16:39Z,0.0229
2026-08-29T20:16:40Z,0.0238
2026-08-29T20:16:41Z,0.0238
2026-08-29T20:16:42Z,0.0238
2026-08-29T20:16:43Z,0.0239
2026-08-29T20:16:44Z,0.0231
2026-08-29T20:16:45Z,0.0231
2026-08-29T20:16:46Z,0.0231
2026-08-29T20:16:47Z,0.0232
2026-08-29T20:16:48Z,0.0241
2026-08-29T20:16:49Z,0.0241
2026-08-29T20:16:50Z,0.0231
2026-08-29T20:16:51Z,0.0232
2026-08-29T20:16:52Z,0.0247
2026-08-29T20:16:53Z,0.0247
2026-08-29T20:16:54Z,0.0255
2026-08-29T20:16:55Z,0.0255
2026-08-29T20:16:56Z,0.0249
2026-08-29T20:16:57Z,0.0249
2026-08-29T20:16:58Z,0.0256
2026-08-29T20:16:59Z,0.0257
2026-08-29T20:17:00Z,0.0257
2026-08-29T20:17:01Z,0.0257
2026-08-29T20:17:02Z,0.0251
2026-08-29T20:17:03Z,0.0251
2026-08-29T20:17:04Z,0.0246
2026-08-29T20:17:05Z,0.0247
2026-08-29T20:17:06Z,0.0252
2026-08-29T20:17:07Z,0.0253
2026-08-29T20:17:08Z,0.0253
2026-08-29T20:17:09Z,0.0254
2026-08-29T20:17:10Z,0.0254
2026-08-29T20:17:11Z,0.0254
2026-08-29T20:17:12Z,0.0255
2026-08-29T20:17:13Z,0.0255
2026-08-29T20:17:14Z,0.0257
2026-08-29T20:17:15Z,0.0258
2026-08-29T20:17:16Z,0.0258
2026-08-29T20:17:17Z,0.0259
2026-08-29T20:17:18Z,0.0257
2026-08-29T20:17:19Z,0.0258
2026-08-29T20:17:20Z,0.0260
2026-08-29T20:17:21Z,0.0260
2026-08-29T20:17:22Z,0.0259
2026-08-29T20:17:23Z,0.0259
2026-08-29T20:17:24Z,0.0260
2026-08-29T20:17:25Z,0.0260
2026-08-29T20:17:26Z,0.0261
2026-08-29T20:17:27Z,0.0261
2026-08-29T20:17:28Z,0.0246
2026-08-29T20:17:29Z,0.0247
2026-08-29T20:17:30Z,0.0247
2026-08-29T20:17:31Z,0.0248
2026-08-29T20:17:32Z,0.0270
2026-08-29T20:17:33Z,0.0271
2026-08-29T20:17:34Z,0.0259
2026-08-29T20:17:35Z,0.0259
2026-08-29T20:17:36Z,0.0260
2026-08-29T20:17:37Z,0.0260
2026-08-29T20:17:38Z,0.0273
2026-08-29T20:17:39Z,0.0273
2026-08-29T20:17:40Z,0.0262
2026-08-29T20:17:41Z,0.0262
2026-08-29T20:17:42Z,0.0258
2026-08-29T20:17:43Z,0.0258
2026-08-29T20:17:44Z,0.0258
2026-08-29T20:17:45Z,0.0259
2026-08-29T20:17:46Z,0.0270
2026-08-29T20:17:47Z,0.0270
2026-08-29T20:17:48Z,0.0260
2026-08-29T20:17:49Z,0.0261
2026-08-29T20:17:50Z,0.0271
2026-08-29T20:17:51Z,0.0272
2026-08-29T20:17:52Z,0.0272
2026-08-29T20:17:53Z,0.0273
2026-08-29T20:17:54Z,0.0289
2026-08-29T20:17:55Z,0.0289
2026-08-29T20:17:56Z,0.0290
2026-08-29T20:17:57Z,0.0290
2026-08-29T20:17:58Z,0.0291
2026-08-29T20:17:59Z,0.0291
2026-08-29T20:18:00Z,0.0286
2026-08-29T20:18:01Z,0.0287
2026-08-29T20:18:02Z,0.0287
2026-08-29T20:18:03Z,0.0288
2026-08-29T20:18:04Z,0.0288
2026-08-29T20:18:05Z,0.0289
2026-08-29T20:18:06Z,0.0289
2026-08-29T20:18:07Z,0.0290
2026-08-29T20:18:08Z,0.0287
2026-08-29T20:18:09Z,0.0287
2026-08-29T20:18:10Z,0.0296
2026-08-29T20:18:11Z,0.0297
2026-08-29T20:18:12Z,0.0297
2026-08-29T20:18:13Z,0.0298
2026-08-29T20:18:14Z,0.0264
2026-08-29T20:18:15Z,0.0265
2026-08-29T20:18:16Z,0.0265
2026-08-29T20:18:17Z,0.0266
2026-08-29T20:18:18Z,0.0281
2026-08-29T20:18:19Z,0.0282
2026-08-29T20:18:20Z,0.0267
2026-08-29T20:18:21Z,0.0268
2026-08-29T20:18:22Z,0.0268
2026-08-29T20:18:23Z,0.0269
2026-08-29T20:18:24Z,0.0263
2026-08-29T20:18:25Z,0.0263
2026-08-29T20:18:26Z,0.0264
2026-08-29T20:18:27Z,0.0264
2026-08-29T20:18:28Z,0.0260
2026-08-29T20:18:29Z,0.0260
2026-08-29T20:18:30Z,0.0261
2026-08-29T20:18:31Z,0.0261
2026-08-29T20:18:32Z,0.0266
2026-08-29T20:18:33Z,0.0267
2026-08-29T20:18:34Z,0.0263
2026-08-29T20:18:35Z,0.0263
2026-08-29T20:18:36Z,0.0264
2026-08-29T20:18:37Z,0.0264
2026-08-29T20:18:38Z,0.0276
2026-08-29T20:18:39Z,0.0276
2026-08-29T20:18:40Z,0.0277
2026-08-29T20:18:41Z,0.0277
2026-08-29T20:18:42Z,0.0278
2026-08-29T20:18:43Z,0.0278
2026-08-29T20:18:44Z,0.0279
2026-08-29T20:18:45Z,0.0279
2026-08-29T20:18:46Z,0.0280
2026-08-29T20:18:47Z,0.0280
2026-08-29T20:18:48Z,0.0281
2026-08-29T20:18:49Z,0.0281
2026-08-29T20:18:50Z,0.0282
2026-08-29T20:18:51Z,0.0282
2026-08-29T20:18:52Z,0.0283
2026-08-29T20:18:53Z,0.0283
2026-08-29T20:18:54Z,0.0284
2026-08-29T20:18:55Z,0.0284
2026-08-29T20:18:56Z,0.0273
2026-08-29T20:18:57Z,0.0274
2026-08-29T20:18:58Z,0.0271
2026-08-29T20:18:59Z,0.0272
2026-08-29T20:19:00Z,0.0272
2026-08-29T20:19:01Z,0.0272
2026-08-29T20:19:02Z,0.0273
2026-08-29T20:19:03Z,0.0273
2026-08-29T20:19:04Z,0.0274
2026-08-29T20:19:05Z,0.0274
2026-08-29T20:19:06Z,0.0275
2026-08-29T20:19:07Z,0.0275
2026-08-29T20:19:08Z,0.0270
2026-08-29T20:19:09Z,0.0270
2026-08-29T20:19:10Z,0.0254
2026-08-29T20:19:11Z,0.0254
2026-08-29T20:19:12Z,0.0255
2026-08-29T20:19:13Z,0.0255
2026-08-29T20:19:14Z,0.0272
2026-08-29T20:19:15Z,0.0273
2026-08-29T20:19:16Z,0.0283
2026-08-29T20:19:17Z,0.0283
2026-08-29T20:19:18Z,0.0289
2026-08-29T20:19:19Z,0.0289
2026-08-29T20:19:20Z,0.0290
2026-08-29T20:19:21Z,0.0290
2026-08-29T20:19:22Z,0.0290
2026-08-29T20:19:23Z,0.0291
2026-08-29T20:19:24Z,0.0291
2026-08-29T20:19:25Z,0.0292
2026-08-29T20:19:26Z,0.0292
2026-08-29T20:19:27Z,0.0293
2026-08-29T20:19:28Z,0.0279
2026-08-29T20:19:29Z,0.0279
2026-08-29T20:19:30Z,0.0291
2026-08-29T20:19:31Z,0.0291
2026-08-29T20:19:32Z,0.0292
2026-08-29T20:19:33Z,0.0292
2026-08-29T20:19:34Z,0.0293
2026-08-29T20:19:35Z,0.0293
2026-08-29T20:19:36Z,0.0287
2026-08-29T20:19:37Z,0.0288
2026-08-29T20:19:38Z,0.0288
2026-08-29T20:19:39Z,0.0289
2026-08-29T20:19:40Z,0.0277
2026-08-29T20:19:41Z,0.0277
2026-08-29T20:19:42Z,0.0278
2026-08-29T20:19:43Z,0.0278
2026-08-29T20:19:44Z,0.0279
2026-08-29T20:19:45Z,0.0279
2026-08-29T20:19:46Z,0.0280
2026-08-29T20:19:47Z,0.0280
2026-08-29T20:19:48Z,0.0285
2026-08-29T20:19:49Z,0.0286
2026-08-29T20:19:50Z,0.0295
2026-08-29T20:19:51Z,0.0296
2026-08-29T20:19:52Z,0.0296
2026-08-29T20:19:53Z,0.0297
2026-08-29T20:19:54Z,0.0297
2026-08-29T20:19:55Z,0.0298
2026-08-29T20:19:56Z,0.0303
2026-08-29T20:19:57Z,0.0303
2026-08-29T20:19:58Z,0.0304
2026-08-29T20:19:59Z,0.0304
2026-08-29T20:20:00Z,0.0291
2026-08-29T20:20:01Z,0.0291
2026-08-29T20:20:02Z,0.0292
2026-08-29T20:20:03Z,0.0292
2026-08-29T20:20:04Z,0.0288
2026-08-29T20:20:05Z,0.0288
2026-08-29T20:20:06Z,0.0283
2026-08-29T20:20:07Z,0.0283
2026-08-29T20:20:08Z,0.0275
2026-08-29T20:20:09Z,0.0275
2026-08-29T20:20:10Z,0.0268
2026-08-29T20:20:11Z,0.0269
2026-08-29T20:20:12Z,0.0269
2026-08-29T20:20:13Z,0.0270
2026-08-29T20:20:14Z,0.0270
2026-08-29T20:20:15Z,0.0271
2026-08-29T20:20:16Z,0.0271
2026-08-29T20:20:17Z,0.0272
2026-08-29T20:20:18Z,0.0275
2026-08-29T20:20:19Z,0.0275
2026-08-29T20:20:20Z,0.0276
2026-08-29T20:20:21Z,0.0276
2026-08-29T20:20:22Z,0.0272
2026-08-29T20:20:23Z,0.0273
2026-08-29T20:20:24Z,0.0273
2026-08-29T20:20:25Z,0.0274
2026-08-29T20:20:26Z,0.0292
2026-08-29T20:20:27Z,0.0292
2026-08-29T20:20:28Z,0.0275
2026-08-29T20:20:29Z,0.0275
2026-08-29T20:20:30Z,0.0276
2026-08-29T20:20:31Z,0.0276
2026-08-29T20:20:32Z,0.0287
2026-08-29T20:20:33Z,0.0287
2026-08-29T20:20:34Z,0.0288
2026-08-29T20:20:35Z,0.0288
2026-08-29T20:20:36Z,0.0284
2026-08-29T20:20:37Z,0.0285
2026-08-29T20:20:38Z,0.0285
2026-08-29T20:20:39Z,0.0285
2026-08-29T20:20:40Z,0.0290
2026-08-29T20:20:41Z,0.0291
2026-08-29T20:20:42Z,0.0287
2026-08-29T20:20:43Z,0.0287
2026-08-29T20:20:44Z,0.0286
2026-08-29T20:20:45Z,0.0286
2026-08-29T20:20:46Z,0.0276
2026-08-29T20:20:47Z,0.0276
2026-08-29T20:20:48Z,0.0288
2026-08-29T20:20:49Z,0.0288
2026-08-29T20:20:50Z,0.0289
2026-08-29T20:20:51Z,0.0289
2026-08-29T20:20:52Z,0.0303
2026-08-29T20:20:53Z,0.0303
2026-08-29T20:20:54Z,0.0303
2026-08-29T20:20:55Z,0.0304
2026-08-29T20:20:56Z,0.0304
2026-08-29T20:20:57Z,0.0305
2026-08-29T20:20:58Z,0.0305
2026-08-29T20:20:59Z,0.0305
2026-08-29T20:21:00Z,0.0303
2026-08-29T20:21:01Z,0.0303
2026-08-29T20:21:02Z,0.0291
2026-08-29T20:21:03Z,0.0291
2026-08-29T20:21:04Z,0.0283
2026-08-29T20:21:05Z,0.0283
2026-08-29T20:21:06Z,0.0284
2026-08-29T20:21:07Z,0.0284
2026-08-29T20:21:08Z,0.0285
2026-08-29T20:21:09Z,0.0285
2026-08-29T20:21:10Z,0.0285
2026-08-29T20:21:11Z,0.0286
2026-08-29T20:21:12Z,0.0286
2026-08-29T20:21:13Z,0.0287
2026-08-29T20:21:14Z,0.0295
2026-08-29T20:21:15Z,0.0296
2026-08-29T20:21:16Z,0.0305
2026-08-29T20:21:17Z,0.0305
2026-08-29T20:21:18Z,0.0306
2026-08-29T20:21:19Z,0.0306
2026-08-29T20:21:20Z,0.0311
2026-08-29T20:21:21Z,0.0311
2026-08-29T20:21:22Z,0.0312
2026-08-29T20:21:23Z,0.0312
2026-08-29T20:21:24Z,0.0312
2026-08-29T20:21:25Z,0.0313
2026-08-29T20:21:26Z,0.0313
2026-08-29T20:21:27Z,0.0314
2026-08-29T20:21:28Z,0.0322
2026-08-29T20:21:29Z,0.0322
2026-08-29T20:21:30Z,0.0322
2026-08-29T20:21:31Z,0.0323
2026-08-29T20:21:32Z,0.0323
2026-08-29T20:21:33Z,0.0324
2026-08-29T20:21:34Z,0.0324
2026-08-29T20:21:35Z,0.0324
2026-08-29T20:21:36Z,0.0325
2026-08-29T20:21:37Z,0.0325
2026-08-29T20:21:38Z,0.0325
2026-08-29T20:21:39Z,0.0326
2026-08-29T20:21:40Z,0.0322
2026-08-29T20:21:41Z,0.0322
2026-08-29T20:21:42Z,0.0320
2026-08-29T20:21:43Z,0.0320
2026-08-29T20:21:44Z,0.0320
2026-08-29T20:21:45Z,0.0321
2026-08-29T20:21:46Z,0.0321
2026-08-29T20:21:47Z,0.0322
2026-08-29T20:21:48Z,0.0322
2026-08-29T20:21:49Z,0.0322
2026-08-29T20:21:50Z,0.0339
2026-08-29T20:21:51Z,0.0340
2026-08-29T20:21:52Z,0.0340
2026-08-29T20:21:53Z,0.0341
2026-08-29T20:21:54Z,0.0341
2026-08-29T20:21:55Z,0.0341
2026-08-29T20:21:56Z,0.0342
2026-08-29T20:21:57Z,0.0342
2026-08-29T20:21:58Z,0.0343
2026-08-29T20:21:59Z,0.0343
2026-08-29T20:22:00Z,0.0348
2026-08-29T20:22:01Z,0.0349
2026-08-29T20:22:02Z,0.0355
2026-08-29T20:22:03Z,0.0356
2026-08-29T20:22:04Z,0.0356
2026-08-29T20:22:05Z,0.0356
2026-08-29T20:22:06Z,0.0365
2026-08-29T20:22:07Z,0.0365
2026-08-29T20:22:08Z,0.0366
2026-08-29T20:22:09Z,0.0366
2026-08-29T20:22:10Z,0.0377
2026-08-29T20:22:11Z,0.0377
2026-08-29T20:22:12Z,0.0377
2026-08-29T20:22:13Z,0.0378
2026-08-29T20:22:14Z,0.0378
2026-08-29T20:22:15Z,0.0379
2026-08-29T20:22:16Z,0.0379
2026-08-29T20:22:17Z,0.0379
2026-08-29T20:22:18Z,0.0380
2026-08-29T20:22:19Z,0.0380
2026-08-29T20:22:20Z,0.0381
2026-08-29T20:22:21Z,0.0381
2026-08-29T20:22:22Z,0.0407
2026-08-29T20:22:23Z,0.0408
2026-08-29T20:22:24Z,0.0436
2026-08-29T20:22:25Z,0.0436
2026-08-29T20:22:26Z,0.0436
2026-08-29T20:22:27Z,0.0437
2026-08-29T20:22:28Z,0.0472
2026-08-29T20:22:29Z,0.0473
2026-08-29T20:22:30Z,0.0500
2026-08-29T20:22:31Z,0.0500
2026-08-29T20:22:32Z,0.0530
2026-08-29T20:22:33Z,0.0531
2026-08-29T20:22:34Z,0.0553
2026-08-29T20:22:35Z,0.0554
2026-08-29T20:22:36Z,0.0603
2026-08-29T20:22:37Z,0.0603
2026-08-29T20:22:38Z,0.0699
2026-08-29T20:22:39Z,0.0699
2026-08-29T20:22:40Z,0.0743
2026-08-29T20:22:41Z,0.0743
2026-08-29T20:22:42Z,0.0808
2026-08-29T20:22:43Z,0.0809
2026-08-29T20:22:44Z,0.0865
2026-08-29T20:22:45Z,0.0866
2026-08-29T20:22:46Z,0.0909
2026-08-29T20:22:47Z,0.0910
2026-08-29T20:22:48Z,0.1020
2026-08-29T20:22:49Z,0.1020
2026-08-29T20:22:50Z,0.1068
2026-08-29T20:22:51Z,0.1069
2026-08-29T20:22:52Z,0.1157
2026-08-29T20:22:53Z,0.1158
2026-08-29T20:22:54Z,0.1266
2026-08-29T20:22:55Z,0.1266
2026-08-29T20:22:56Z,0.1383
2026-08-29T20:22:57Z,0.1384
2026-08-29T20:22:58Z,0.1421
2026-08-29T20:22:59Z,0.1422
2026-08-29T20:23:00Z,0.1422
2026-08-29T20:23:01Z,0.1423
2026-08-29T20:23:02Z,0.1473
2026-08-29T20:23:03Z,0.1474
2026-08-29T20:23:04Z,0.1529
2026-08-29T20:23:05Z,0.1530
2026-08-29T20:23:06Z,0.1608
2026-08-29T20:23:07Z,0.1609
2026-08-29T20:23:08Z,0.1632
2026-08-29T20:23:09Z,0.1633
2026-08-29T20:23:10Z,0.1678
2026-08-29T20:23:11Z,0.1679
2026-08-29T20:23:12Z,0.1716
2026-08-29T20:23:13Z,0.1717
2026-08-29T20:23:14Z,0.1718
2026-08-29T20:23:15Z,0.1719
2026-08-29T20:23:16Z,0.1721
2026-08-29T20:23:17Z,0.1722
2026-08-29T20:23:18Z,0.1751
2026-08-29T20:23:19Z,0.1752
2026-08-29T20:23:20Z,0.1772
2026-08-29T20:23:21Z,0.1773
2026-08-29T20:23:22Z,0.1802
2026-08-29T20:23:23Z,0.1804
2026-08-29T20:23:24Z,0.1828
2026-08-29T20:23:25Z,0.1830
2026-08-29T20:23:26Z,0.1916
2026-08-29T20:23:27Z,0.1917
2026-08-29T20:23:28Z,0.1919
2026-08-29T20:23:29Z,0.1921
2026-08-29T20:23:30Z,0.1927
2026-08-29T20:23:31Z,0.1929
2026-08-29T20:23:32Z,0.1931
2026-08-29T20:23:33Z,0.1933
2026-08-29T20:23:34Z,0.1935
2026-08-29T20:23:35Z,0.1937
2026-08-29T20:23:36Z,0.1953
2026-08-29T20:23:37Z,0.1955
2026-08-29T20:23:38Z,0.2000
2026-08-29T20:23:39Z,0.2002
2026-08-29T20:23:40Z,0.2029
2026-08-29T20:23:41Z,0.2031
2026-08-29T20:23:42Z,0.2033
2026-08-29T20:23:43Z,0.2035
2026-08-29T20:23:44Z,0.2038
2026-08-29T20:23:45Z,0.2040
2026-08-29T20:23:46Z,0.2076
2026-08-29T20:23:47Z,0.2079
2026-08-29T20:23:48Z,0.2081
2026-08-29T20:23:49Z,0.2083
2026-08-29T20:23:50Z,0.2086
2026-08-29T20:23:51Z,0.2088
2026-08-29T20:23:52Z,0.2091
2026-08-29T20:23:53Z,0.2093
2026-08-29T20:23:54Z,0.2111
2026-08-29T20:23:55Z,0.2113
2026-08-29T20:23:56Z,0.2140
2026-08-29T20:23:57Z,0.2143
2026-08-29T20:23:58Z,0.2146
2026-08-29T20:23:59Z,0.2148
2026-08-29T20:24:00Z,0.2151
2026-08-29T20:24:01Z,0.2154
2026-08-29T20:24:02Z,0.2157
2026-08-29T20:24:03Z,0.2159
2026-08-29T20:24:04Z,0.2162
2026-08-29T20:24:05Z,0.2165
2026-08-29T20:24:06Z,0.2173
2026-08-29T20:24:07Z,0.2176
2026-08-29T20:24:08Z,0.2174
2026-08-29T20:24:09Z,0.2177
2026-08-29T20:24:10Z,0.2165
2026-08-29T20:24:11Z,0.2168
2026-08-29T20:24:12Z,0.2186
2026-08-29T20:24:13Z,0.2189
2026-08-29T20:24:14Z,0.2227
2026-08-29T20:24:15Z,0.2230
2026-08-29T20:24:16Z,0.2233
2026-08-29T20:24:17Z,0.2236
2026-08-29T20:24:18Z,0.2239
2026-08-29T20:24:19Z,0.2242
2026-08-29T20:24:20Z,0.2275
2026-08-29T20:24:21Z,0.2279
2026-08-29T20:24:22Z,0.2282
2026-08-29T20:24:23Z,0.2285
2026-08-29T20:24:24Z,0.2313
2026-08-29T20:24:25Z,0.2317
2026-08-29T20:24:26Z,0.2335
2026-08-29T20:24:27Z,0.2339
2026-08-29T20:24:28Z,0.2342
2026-08-29T20:24:29Z,0.2345
2026-08-29T20:24:30Z,0.2447
2026-08-29T20:24:31Z,0.2450
2026-08-29T20:24:32Z,0.2608
2026-08-29T20:24:33Z,0.2611
2026-08-29T20:24:34Z,0.2620
2026-08-29T20:24:35Z,0.2623
2026-08-29T20:24:36Z,0.2676
2026-08-29T20:24:37Z,0.2679
2026-08-29T20:24:38Z,0.2794
2026-08-29T20:24:39Z,0.2797
2026-08-29T20:24:40Z,0.2857
2026-08-29T20:24:41Z,0.2861
2026-08-29T20:24:42Z,0.2893
2026-08-29T20:24:43Z,0.2897
2026-08-29T20:24:44Z,0.2917
2026-08-29T20:24:45Z,0.2921
2026-08-29T20:24:46Z,0.3012
2026-08-29T20:24:47Z,0.3015
2026-08-29T20:24:48Z,0.3054
2026-08-29T20:24:49Z,0.3058
2026-08-29T20:24:50Z,0.3080
2026-08-29T20:24:51Z,0.3084
2026-08-29T20:24:52Z,0.3093
2026-08-29T20:24:53Z,0.3097
2026-08-29T20:24:54Z,0.3101
2026-08-29T20:24:55Z,0.3105
2026-08-29T20:24:56Z,0.3110
2026-08-29T20:24:57Z,0.3114
2026-08-29T20:24:58Z,0.3118
2026-08-29T20:24:59Z,0.3122
2026-08-29T20:25:00Z,0.3126
2026-08-29T20:25:01Z,0.3130
2026-08-29T20:25:02Z,0.3129
2026-08-29T20:25:03Z,0.3133
2026-08-29T20:25:04Z,0.3161
2026-08-29T20:25:05Z,0.3166
2026-08-29T20:25:06Z,0.3277
2026-08-29T20:25:07Z,0.3282
2026-08-29T20:25:08Z,0.3286
2026-08-29T20:25:09Z,0.3291
2026-08-29T20:25:10Z,0.3362
2026-08-29T20:25:11Z,0.3367
2026-08-29T20:25:12Z,0.3426
2026-08-29T20:25:13Z,0.3431
2026-08-29T20:25:14Z,0.3460
2026-08-29T20:25:15Z,0.3465
2026-08-29T20:25:16Z,0.3576
2026-08-29T20:25:17Z,0.3581
2026-08-29T20:25:18Z,0.3585
2026-08-29T20:25:19Z,0.3590
2026-08-29T20:25:20Z,0.3595
2026-08-29T20:25:21Z,0.3600
2026-08-29T20:25:22Z,0.3605
2026-08-29T20:25:23Z,0.3610
2026-08-29T20:25:24Z,0.3634
2026-08-29T20:25:25Z,0.3639
2026-08-29T20:25:26Z,0.3650
2026-08-29T20:25:27Z,0.3655
2026-08-29T20:25:28Z,0.3660
2026-08-29T20:25:29Z,0.3665
2026-08-29T20:25:30Z,0.3670
2026-08-29T20:25:31Z,0.3676
2026-08-29T20:25:32Z,0.3599
2026-08-29T20:25:33Z,0.3604
2026-08-29T20:25:34Z,0.3610
2026-08-29T20:25:35Z,0.3615
2026-08-29T20:25:36Z,0.3620
2026-08-29T20:25:37Z,0.3626
2026-08-29T20:25:38Z,0.3631
2026-08-29T20:25:39Z,0.3636
2026-08-29T20:25:40Z,0.3518
2026-08-29T20:25:41Z,0.3524
2026-08-29T20:25:42Z,0.3529
2026-08-29T20:25:43Z,0.3535
2026-08-29T20:25:44Z,0.3540
2026-08-29T20:25:45Z,0.3546
2026-08-29T20:25:46Z,0.3551
2026-08-29T20:25:47Z,0.3557
2026-08-29T20:25:48Z,0.3563
2026-08-29T20:25:49Z,0.3568
2026-08-29T20:25:50Z,0.3501
2026-08-29T20:25:51Z,0.3507
2026-08-29T20:25:52Z,0.3512
2026-08-29T20:25:53Z,0.3518
2026-08-29T20:25:54Z,0.3652
2026-08-29T20:25:55Z,0.3658
2026-08-29T20:25:56Z,0.3713
2026-08-29T20:25:57Z,0.3719
2026-08-29T20:25:58Z,0.3743
2026-08-29T20:25:59Z,0.3749
2026-08-29T20:26:00Z,0.3792
2026-08-29T20:26:01Z,0.3798
2026-08-29T20:26:02Z,0.3899
2026-08-29T20:26:03Z,0.3905
2026-08-29T20:26:04Z,0.4053
2026-08-29T20:26:05Z,0.4059
2026-08-29T20:26:06Z,0.4103
2026-08-29T20:26:07Z,0.4109
2026-08-29T20:26:08Z,0.4330
2026-08-29T20:26:09Z,0.4336
2026-08-29T20:26:10Z,0.4374
2026-08-29T20:26:11Z,0.4380
2026-08-29T20:26:12Z,0.4686
2026-08-29T20:26:13Z,0.4692
2026-08-29T20:26:14Z,0.4730
2026-08-29T20:26:15Z,0.4736
2026-08-29T20:26:16Z,0.4782
2026-08-29T20:26:17Z,0.4788
2026-08-29T20:26:18Z,0.4918
2026-08-29T20:26:19Z,0.4924
2026-08-29T20:26:20Z,0.4930
2026-08-29T20:26:21Z,0.4937
2026-08-29T20:26:22Z,0.4963
2026-08-29T20:26:23Z,0.4969
2026-08-29T20:26:24Z,0.4988
2026-08-29T20:26:25Z,0.4995
2026-08-29T20:26:26Z,0.5002
2026-08-29T20:26:27Z,0.5008
2026-08-29T20:26:28Z,0.5034
2026-08-29T20:26:29Z,0.5041
2026-08-29T20:26:30Z,0.5048
2026-08-29T20:26:31Z,0.5055
2026-08-29T20:26:32Z,0.5198
2026-08-29T20:26:33Z,0.5205
2026-08-29T20:26:34Z,0.5212
2026-08-29T20:26:35Z,0.5219
2026-08-29T20:26:36Z,0.5226
2026-08-29T20:26:37Z,0.5233
2026-08-29T20:26:38Z,0.5240
2026-08-29T20:26:39Z,0.5247
2026-08-29T20:26:40Z,0.5294
2026-08-29T20:26:41Z,0.5301
2026-08-29T20:26:42Z,0.5386
2026-08-29T20:26:43Z,0.5394
2026-08-29T20:26:44Z,0.5446
2026-08-29T20:26:45Z,0.5454
2026-08-29T20:26:46Z,0.5617
2026-08-29T20:26:47Z,0.5625
2026-08-29T20:26:48Z,0.5665
2026-08-29T20:26:49Z,0.5673
2026-08-29T20:26:50Z,0.5700
2026-08-29T20:26:51Z,0.5707
2026-08-29T20:26:52Z,0.5715
2026-08-29T20:26:53Z,0.5723
2026-08-29T20:26:54Z,0.5750
2026-08-29T20:26:55Z,0.5758
2026-08-29T20:26:56Z,0.5824
2026-08-29T20:26:57Z,0.5832
2026-08-29T20:26:58Z,0.5918
2026-08-29T20:26:59Z,0.5926
2026-08-29T20:27:00Z,0.5934
2026-08-29T20:27:01Z,0.5943
2026-08-29T20:27:02Z,0.5951
2026-08-29T20:27:03Z,0.5959
2026-08-29T20:27:04Z,0.5935
2026-08-29T20:27:05Z,0.5943
2026-08-29T20:27:06Z,0.5932
2026-08-29T20:27:07Z,0.5940
2026-08-29T20:27:08Z,0.5949
2026-08-29T20:27:09Z,0.5957
2026-08-29T20:27:10Z,0.5939
2026-08-29T20:27:11Z,0.5948
2026-08-29T20:27:12Z,0.5885
2026-08-29T20:27:13Z,0.5894
2026-08-29T20:27:14Z,0.5896
2026-08-29T20:27:15Z,0.5905
2026-08-29T20:27:16Z,0.5913
2026-08-29T20:27:17Z,0.5922
2026-08-29T20:27:18Z,0.5898
2026-08-29T20:27:19Z,0.5907
2026-08-29T20:27:20Z,0.5916
2026-08-29T20:27:21Z,0.5925
2026-08-29T20:27:22Z,0.5914
2026-08-29T20:27:23Z,0.5923
2026-08-29T20:27:24Z,0.5770
2026-08-29T20:27:25Z,0.5779
2026-08-29T20:27:26Z,0.5768
2026-08-29T20:27:27Z,0.5777
2026-08-29T20:27:28Z,0.5754
2026-08-29T20:27:29Z,0.5763
2026-08-29T20:27:30Z,0.5746
2026-08-29T20:27:31Z,0.5755
2026-08-29T20:27:32Z,0.5764
2026-08-29T20:27:33Z,0.5774
2026-08-29T20:27:34Z,0.5783
2026-08-29T20:27:35Z,0.5792
2026-08-29T20:27:36Z,0.5762
2026-08-29T20:27:37Z,0.5771
2026-08-29T20:27:38Z,0.5781
2026-08-29T20:27:39Z,0.5790
2026-08-29T20:27:40Z,0.5799
2026-08-29T20:27:41Z,0.5808
2026-08-29T20:27:42Z,0.5844
2026-08-29T20:27:43Z,0.5853
2026-08-29T20:27:44Z,0.5862
2026-08-29T20:27:45Z,0.5872
2026-08-29T20:27:46Z,0.6050
2026-08-29T20:27:47Z,0.6060
2026-08-29T20:27:48Z,0.6245
2026-08-29T20:27:49Z,0.6254
2026-08-29T20:27:50Z,0.6270
2026-08-29T20:27:51Z,0.6279
2026-08-29T20:27:52Z,0.6289
2026-08-29T20:27:53Z,0.6298
2026-08-29T20:27:54Z,0.6366
2026-08-29T20:27:55Z,0.6376
2026-08-29T20:27:56Z,0.6326
2026-08-29T20:27:57Z,0.6336
2026-08-29T20:27:58Z,0.6346
2026-08-29T20:27:59Z,0.6355
2026-08-29T20:28:00Z,0.6358
2026-08-29T20:28:01Z,0.6368
2026-08-29T20:28:02Z,0.6345
2026-08-29T20:28:03Z,0.6354
2026-08-29T20:28:04Z,0.6364
2026-08-29T20:28:05Z,0.6374
2026-08-29T20:28:06Z,0.6383
2026-08-29T20:28:07Z,0.6393
2026-08-29T20:28:08Z,0.6514
2026-08-29T20:28:09Z,0.6523
2026-08-29T20:28:10Z,0.6533
2026-08-29T20:28:11Z,0.6543
2026-08-29T20:28:12Z,0.6553
2026-08-29T20:28:13Z,0.6562
2026-08-29T20:28:14Z,0.6514
2026-08-29T20:28:15Z,0.6523
2026-08-29T20:28:16Z,0.6481
2026-08-29T20:28:17Z,0.6491
2026-08-29T20:28:18Z,0.6475
2026-08-29T20:28:19Z,0.6485
2026-08-29T20:28:20Z,0.6495
2026-08-29T20:28:21Z,0.6505
2026-08-29T20:28:22Z,0.6424
2026-08-29T20:28:23Z,0.6434
2026-08-29T20:28:24Z,0.6437
2026-08-29T20:28:25Z,0.6447
2026-08-29T20:28:26Z,0.6457
2026-08-29T20:28:27Z,0.6467
2026-08-29T20:28:28Z,0.6477
2026-08-29T20:28:29Z,0.6487
2026-08-29T20:28:30Z,0.6497
2026-08-29T20:28:31Z,0.6507
2026-08-29T20:28:32Z,0.6537
2026-08-29T20:28:33Z,0.6547
2026-08-29T20:28:34Z,0.6694
2026-08-29T20:28:35Z,0.6704
2026-08-29T20:28:36Z,0.6753
2026-08-29T20:28:37Z,0.6763
2026-08-29T20:28:38Z,0.6812
2026-08-29T20:28:39Z,0.6822
2026-08-29T20:28:40Z,0.7008
2026-08-29T20:28:41Z,0.7018
2026-08-29T20:28:42Z,0.7067
2026-08-29T20:28:43Z,0.7077
2026-08-29T20:28:44Z,0.7289
2026-08-29T20:28:45Z,0.7299
2026-08-29T20:28:46Z,0.7322
2026-08-29T20:28:47Z,0.7333
2026-08-29T20:28:48Z,0.7525
2026-08-29T20:28:49Z,0.7535
2026-08-29T20:28:50Z,0.7558
2026-08-29T20:28:51Z,0.7569
2026-08-29T20:28:52Z,0.7586
2026-08-29T20:28:53Z,0.7596
2026-08-29T20:28:54Z,0.7606
2026-08-29T20:28:55Z,0.7617
2026-08-29T20:28:56Z,0.7822
2026-08-29T20:28:57Z,0.7833
2026-08-29T20:28:58Z,0.7856
2026-08-29T20:28:59Z,0.7867
2026-08-29T20:29:00Z,0.8079
2026-08-29T20:29:01Z,0.8090
2026-08-29T20:29:02Z,0.8100
2026-08-29T20:29:03Z,0.8111
2026-08-29T20:29:04Z,0.8135
2026-08-29T20:29:05Z,0.8145
2026-08-29T20:29:06Z,0.8312
2026-08-29T20:29:07Z,0.8323
2026-08-29T20:29:08Z,0.8334
2026-08-29T20:29:09Z,0.8345
2026-08-29T20:29:10Z,0.8375
2026-08-29T20:29:11Z,0.8386
2026-08-29T20:29:12Z,0.8443
2026-08-29T20:29:13Z,0.8454
2026-08-29T20:29:14Z,0.8498
2026-08-29T20:29:15Z,0.8509
2026-08-29T20:29:16Z,0.8683
2026-08-29T20:29:17Z,0.8694
2026-08-29T20:29:18Z,0.8705
2026-08-29T20:29:19Z,0.8717
2026-08-29T20:29:20Z,0.8787
2026-08-29T20:29:21Z,0.8798
2026-08-29T20:29:22Z,0.9057
2026-08-29T20:29:23Z,0.9068
2026-08-29T20:29:24Z,0.9087
2026-08-29T20:29:25Z,0.9098
2026-08-29T20:29:26Z,0.9403
2026-08-29T20:29:27Z,0.9414
2026-08-29T20:29:28Z,0.9439
2026-08-29T20:29:29Z,0.9451
2026-08-29T20:29:30Z,0.9840
2026-08-29T20:29:31Z,0.9852
2026-08-29T20:29:32Z,0.9864
2026-08-29T20:29:33Z,0.9876
2026-08-29T20:29:34Z,1.0000
2026-08-29T20:29:35Z,1.0000
2026-08-29T20:29:36Z,1.0000
2026-08-29T20:29:37Z,1.0000
2026-08-29T20:29:38Z,1.0000
2026-08-29T20:29:39Z,1.0000
2026-08-29T20:29:40Z,1.0000
2026-08-29T20:29:41Z,1.0000
2026-08-29T20:29:42Z,1.0000
2026-08-29T20:29:43Z,1.0000
2026-08-29T20:29:44Z,1.0000
2026-08-29T20:29:45Z,1.0000
2026-08-29T20:29:46Z,1.0000
2026-08-29T20:29:47Z,1.0000
2026-08-29T20:29:48Z,1.0000
2026-08-29T20:29:49Z,1.0000
2026-08-29T20:29:50Z,1.0000
2026-08-29T20:29:51Z,1.0000
2026-08-29T20:29:52Z,1.0000
2026-08-29T20:29:53Z,1.0000
2026-08-29T20:29:54Z,1.0000
2026-08-29T20:29:55Z,1.0000
2026-08-29T20:29:56Z,1.0000
2026-08-29T20:29:57Z,1.0000
2026-08-29T20:29:58Z,1.0000
2026-08-29T20:29:59Z,1.0000
2026-08-29T20:30:00Z,1.0000
2026-08-29T20:30:01Z,1.0000
2026-08-29T20:30:02Z,1.0000
2026-08-29T20:30:03Z,1.0000
2026-08-29T20:30:04Z,1.0000
2026-08-29T20:30:05Z,1.0000
2026-08-29T20:30:06Z,1.0000
2026-08-29T20:30:07Z,1.0000
2026-08-29T20:30:08Z,1.0000
2026-08-29T20:30:09Z,1.0000
2026-08-29T20:30:10Z,1.0000
2026-08-29T20:30:11Z,1.0000
2026-08-29T20:30:12Z,1.0000
2026-08-29T20:30:13Z,1.0000
2026-08-29T20:30:14Z,1.0000
2026-08-29T20:30:15Z,1.0000
2026-08-29T20:30:16Z,1.0000
2026-08-29T20:30:17Z,1.0000
2026-08-29T20:30:18Z,1.0000
2026-08-29T20:30:19Z,1.0000
2026-08-29T20:30:20Z,1.0000
2026-08-29T20:30:21Z,1.0000
2026-08-29T20:30:22Z,1.0000
2026-08-29T20:30:23Z,1.0000
2026-08-29T20:30:24Z,1.0000
2026-08-29T20:30:25Z,1.0000
2026-08-29T20:30:26Z,1.0000
2026-08-29T20:30:27Z,1.0000
2026-08-29T20:30:28Z,1.0000
2026-08-29T20:30:29Z,1.0000
2026-08-29T20:30:30Z,1.0000
2026-08-29T20:30:31Z,1.0000
2026-08-29T20:30:32Z,1.0000
2026-08-29T20:30:33Z,1.0000
2026-08-29T20:30:34Z,1.0000
2026-08-29T20:30:35Z,1.0000
2026-08-29T20:30:36Z,1.0000
2026-08-29T20:30:37Z,1.0000
2026-08-29T20:30:38Z,1.0000
2026-08-29T20:30:39Z,1.0000
2026-08-29T20:30:40Z,1.0000
2026-08-29T20:30:41Z,1.0000
2026-08-29T20:30:42Z,1.0000
2026-08-29T20:30:43Z,1.0000
2026-08-29T20:30:44Z,1.0000
2026-08-29T20:30:45Z,1.0000
2026-08-29T20:30:46Z,1.0000
2026-08-29T20:30:47Z,1.0000
2026-08-29T20:30:48Z,1.0000
2026-08-29T20:30:49Z,1.0000
2026-08-29T20:30:50Z,1.0000
2026-08-29T20:30:51Z,1.0000
2026-08-29T20:30:52Z,1.0000
2026-08-29T20:30:53Z,1.0000
2026-08-29T20:30:54Z,1.0000
2026-08-29T20:30:55Z,1.0000
2026-08-29T20:30:56Z,1.0000
2026-08-29T20:30:57Z,1.0000
2026-08-29T20:30:58Z,1.0000
2026-08-29T20:30:59Z,1.0000
2026-08-29T20:31:00Z,1.0000
2026-08-29T20:31:01Z,1.0000
2026-08-29T20:31:02Z,1.0000
2026-08-29T20:31:03Z,1.0000
2026-08-29T20:31:04Z,1.0000
2026-08-29T20:31:05Z,1.0000
2026-08-29T20:31:06Z,1.0000
2026-08-29T20:31:07Z,1.0000
2026-08-29T20:31:08Z,1.0000
2026-08-29T20:31:09Z,1.0000
2026-08-29T20:31:10Z,1.0000
2026-08-29T20:31:11Z,1.0000
2026-08-29T20:31:12Z,1.0000
2026-08-29T20:31:13Z,1.0000
2026-08-29T20:31:14Z,1.0000
2026-08-29T20:31:15Z,1.0000
2026-08-29T20:31:16Z,1.0000
2026-08-29T20:31:17Z,1.0000
2026-08-29T20:31:18Z,1.0000
2026-08-29T20:31:19Z,1.0000
2026-08-29T20:31:20Z,1.0000
2026-08-29T20:31:21Z,1.0000
2026-08-29T20:31:22Z,1.0000
2026-08-29T20:31:23Z,1.0000
2026-08-29T20:31:24Z,1.0000
2026-08-29T20:31:25Z,1.0000
2026-08-29T20:31:26Z,1.0000
2026-08-29T20:31:27Z,1.0000
2026-08-29T20:31:28Z,1.0000
2026-08-29T20:31:29Z,1.0000
2026-08-29T20:31:30Z,1.0000
2026-08-29T20:31:31Z,1.0000
2026-08-29T20:31:32Z,1.0000
2026-08-29T20:31:33Z,1.0000
2026-08-29T20:31:34Z,1.0000
2026-08-29T20:31:35Z,1.0000
2026-08-29T20:31:36Z,1.0000
2026-08-29T20:31:37Z,1.0000
2026-08-29T20:31:38Z,1.0000
2026-08-29T20:31:39Z,1.0000
2026-08-29T20:31:40Z,1.0000
2026-08-29T20:31:41Z,1.0000
2026-08-29T20:31:42Z,1.0000
2026-08-29T20:31:43Z,1.0000
2026-08-29T20:31:44Z,1.0000
2026-08-29T20:31:45Z,1.0000
2026-08-29T20:31:46Z,1.0000
2026-08-29T20:31:47Z,1.0000
2026-08-29T20:31:48Z,1.0000
2026-08-29T20:31:49Z,1.0000
2026-08-29T20:31:50Z,1.0000
2026-08-29T20:31:51Z,1.0000
2026-08-29T20:31:52Z,1.0000
2026-08-29T20:31:53Z,1.0000
2026-08-29T20:31:54Z,1.0000
2026-08-29T20:31:55Z,1.0000
2026-08-29T20:31:56Z,1.0000
2026-08-29T20:31:57Z,1.0000
2026-08-29T20:31:58Z,1.0000
2026-08-29T20:31:59Z,1.0000
2026-08-29T20:32:00Z,1.0000
2026-08-29T20:32:01Z,1.0000
2026-08-29T20:32:02Z,1.0000
2026-08-29T20:32:03Z,1.0000
2026-08-29T20:32:04Z,1.0000
2026-08-29T20:32:05Z,1.0000
2026-08-29T20:32:06Z,1.0000
2026-08-29T20:32:07Z,1.0000
2026-08-29T20:32:08Z,1.0000
2026-08-29T20:32:09Z,1.0000
2026-08-29T20:32:10Z,1.0000
2026-08-29T20:32:11Z,1.0000
2026-08-29T20:32:12Z,1.0000
2026-08-29T20:32:13Z,1.0000
2026-08-29T20:32:14Z,1.0000
2026-08-29T20:32:15Z,1.0000
2026-08-29T20:32:16Z,1.0000
2026-08-29T20:32:17Z,1.0000
2026-08-29T20:32:18Z,1.0000
2026-08-29T20:32:19Z,1.0000
2026-08-29T20:32:20Z,1.0000
2026-08-29T20:32:21Z,1.0000
2026-08-29T20:32:22Z,1.0000
2026-08-29T20:32:23Z,1.0000
2026-08-29T20:32:24Z,1.0000
2026-08-29T20:32:25Z,1.0000
2026-08-29T20:32:26Z,1.0000
2026-08-29T20:32:27Z,1.0000
2026-08-29T20:32:28Z,1.0000
2026-08-29T20:32:29Z,1.0000
2026-08-29T20:32:30Z,1.0000
2026-08-29T20:32:31Z,1.0000
2026-08-29T20:32:32Z,1.0000
2026-08-29T20:32:33Z,1.0000
2026-08-29T20:32:34Z,1.0000
2026-08-29T20:32:35Z,1.0000
2026-08-29T20:32:36Z,1.0000
2026-08-29T20:32:37Z,1.0000
2026-08-29T20:32:38Z,1.0000
2026-08-29T20:32:39Z,1.0000
2026-08-29T20:32:40Z,1.0000
2026-08-29T20:32:41Z,1.0000
2026-08-29T20:32:42Z,1.0000
2026-08-29T20:32:43Z,1.0000
2026-08-29T20:32:44Z,1.0000
2026-08-29T20:32:45Z,1.0000
2026-08-29T20:32:46Z,1.0000
2026-08-29T20:32:47Z,1.0000
2026-08-29T20:32:48Z,1.0000
2026-08-29T20:32:49Z,1.0000
2026-08-29T20:32:50Z,1.0000
2026-08-29T20:32:51Z,1.0000
2026-08-29T20:32:52Z,1.0000
2026-08-29T20:32:53Z,1.0000
2026-08-29T20:32:54Z,1.0000
2026-08-29T20:32:55Z,1.0000
2026-08-29T20:32:56Z,1.0000
2026-08-29T20:32:57Z,1.0000
2026-08-29T20:32:58Z,1.0000
2026-08-29T20:32:59Z,1.0000
2026-08-29T20:33:00Z,1.0000
2026-08-29T20:33:01Z,1.0000
2026-08-29T20:33:02Z,1.0000
2026-08-29T20:33:03Z,1.0000
2026-08-29T20:33:04Z,1.0000
2026-08-29T20:33:05Z,1.0000
2026-08-29T20:33:06Z,1.0000
2026-08-29T20:33:07Z,1.0000
2026-08-29T20:33:08Z,1.0000
2026-08-29T20:33:09Z,1.0000
2026-08-29T20:33:10Z,1.0000
2026-08-29T20:33:11Z,1.0000
2026-08-29T20:33:12Z,1.0000
2026-08-29T20:33:13Z,1.0000
2026-08-29T20:33:14Z,1.0000
2026-08-29T20:33:15Z,1.0000
2026-08-29T20:33:16Z,1.0000
2026-08-29T20:33:17Z,1.0000
2026-08-29T20:33:18Z,1.0000
2026-08-29T20:33:19Z,1.0000
2026-08-29T20:33:20Z,1.0000
2026-08-29T20:33:21Z,1.0000
2026-08-29T20:33:22Z,1.0000
2026-08-29T20:33:23Z,1.0000
2026-08-29T20:33:24Z,1.0000
2026-08-29T20:33:25Z,1.0000
2026-08-29T20:33:26Z,1.0000
2026-08-29T20:33:27Z,1.0000
2026-08-29T20:33:28Z,1.0000
2026-08-29T20:33:29Z,1.0000
2026-08-29T20:33:30Z,1.0000
2026-08-29T20:33:31Z,1.0000
2026-08-29T20:33:32Z,1.0000
2026-08-29T20:33:33Z,1.0000
2026-08-29T20:33:34Z,1.0000
2026-08-29T20:33:35Z,1.0000
2026-08-29T20:33:36Z,1.0000
2026-08-29T20:33:37Z,1.0000
2026-08-29T20:33:38Z,1.0000
2026-08-29T20:33:39Z,1.0000
2026-08-29T20:33:40Z,1.0000
2026-08-29T20:33:41Z,1.0000
2026-08-29T20:33:42Z,1.0000
2026-08-29T20:33:43Z,1.0000
2026-08-29T20:33:44Z,1.0000
2026-08-29T20:33:45Z,1.0000
2026-08-29T20:33:46Z,1.0000
2026-08-29T20:33:47Z,1.0000
2026-08-29T20:33:48Z,1.0000
2026-08-29T20:33:49Z,1.0000
2026-08-29T20:33:50Z,1.0000
2026-08-29T20:33:51Z,1.0000
2026-08-29T20:33:52Z,1.0000
2026-08-29T20:33:53Z,1.0000
2026-08-29T20:33:54Z,1.0000
2026-08-29T20:33:55Z,1.0000
2026-08-29T20:33:56Z,1.0000
2026-08-29T20:33:57Z,1.0000
2026-08-29T20:33:58Z,1.0000
2026-08-29T20:33:59Z,1.0000
2026-08-29T20:34:00Z,1.0000
2026-08-29T20:34:01Z,1.0000
2026-08-29T20:34:02Z,1.0000
2026-08-29T20:34:03Z,1.0000
2026-08-29T20:34:04Z,1.0000
2026-08-29T20:34:05Z,1.0000
2026-08-29T20:34:06Z,1.0000
2026-08-29T20:34:07Z,1.0000
2026-08-29T20:34:08Z,1.0000
2026-08-29T20:34:09Z,1.0000
2026-08-29T20:34:10Z,1.0000
2026-08-29T20:34:11Z,1.0000
2026-08-29T20:34:12Z,1.0000
2026-08-29T20:34:13Z,1.0000
2026-08-29T20:34:14Z,1.0000
2026-08-29T20:34:15Z,1.0000
2026-08-29T20:34:16Z,1.0000
2026-08-29T20:34:17Z,1.0000
2026-08-29T20:34:18Z,1.0000
2026-08-29T20:34:19Z,1.0000
2026-08-29T20:34:20Z,1.0000
2026-08-29T20:34:21Z,1.0000
2026-08-29T20:34:22Z,1.0000
2026-08-29T20:34:23Z,1.0000
2026-08-29T20:34:24Z,1.0000
2026-08-29T20:34:25Z,1.0000
2026-08-29T20:34:26Z,1.0000
2026-08-29T20:34:27Z,1.0000
2026-08-29T20:34:28Z,1.0000
2026-08-29T20:34:29Z,1.0000
2026-08-29T20:34:30Z,1.0000
2026-08-29T20:34:31Z,1.0000
2026-08-29T20:34:32Z,1.0000
2026-08-29T20:34:33Z,1.0000
2026-08-29T20:34:34Z,1.0000
2026-08-29T20:34:35Z,1.0000
2026-08-29T20:34:36Z,1.0000
2026-08-29T20:34:37Z,1.0000
2026-08-29T20:34:38Z,1.0000
2026-08-29T20:34:39Z,1.0000
2026-08-29T20:34:40Z,1.0000
2026-08-29T20:34:41Z,1.0000
2026-08-29T20:34:42Z,1.0000
2026-08-29T20:34:43Z,1.0000
2026-08-29T20:34:44Z,1.0000
2026-08-29T20:34:45Z,1.0000
2026-08-29T20:34:46Z,1.0000
2026-08-29T20:34:47Z,1.0000
2026-08-29T20:34:48Z,1.0000
2026-08-29T20:34:49Z,1.0000
2026-08-29T20:34:50Z,1.0000
2026-08-29T20:34:51Z,1.0000
2026-08-29T20:34:52Z,1.0000
2026-08-29T20:34:53Z,1.0000
2026-08-29T20:34:54Z,1.0000
2026-08-29T20:34:55Z,1.0000
2026-08-29T20:34:56Z,1.0000
2026-08-29T20:34:57Z,1.0000
2026-08-29T20:34:58Z,1.0000
2026-08-29T20:34:59Z,1.0000
2026-08-29T20:35:00Z,1.0000
2026-08-29T20:35:01Z,1.0000
2026-08-29T20:35:02Z,1.0000
2026-08-29T20:35:03Z,1.0000
2026-08-29T20:35:04Z,1.0000
2026-08-29T20:35:05Z,1.0000
2026-08-29T20:35:06Z,1.0000
2026-08-29T20:35:07Z,1.0000
2026-08-29T20:35:08Z,1.0000
2026-08-29T20:35:09Z,1.0000
2026-08-29T20:35:10Z,1.0000
2026-08-29T20:35:11Z,1.0000
2026-08-29T20:35:12Z,1.0000
2026-08-29T20:35:13Z,1.0000
2026-08-29T20:35:14Z,1.0000
2026-08-29T20:35:15Z,1.0000
2026-08-29T20:35:16Z,1.0000
2026-08-29T20:35:17Z,1.0000
2026-08-29T20:35:18Z,1.0000
2026-08-29T20:35:19Z,1.0000
2026-08-29T20:35:20Z,1.0000
2026-08-29T20:35:21Z,1.0000
2026-08-29T20:35:22Z,1.0000
2026-08-29T20:35:23Z,1.0000
2026-08-29T20:35:24Z,1.0000
2026-08-29T20:35:25Z,1.0000
2026-08-29T20:35:26Z,1.0000
2026-08-29T20:35:27Z,1.0000
2026-08-29T20:35:28Z,1.0000
2026-08-29T20:35:29Z,1.0000
2026-08-29T20:35:30Z,1.0000
2026-08-29T20:35:31Z,1.0000
2026-08-29T20:35:32Z,1.0000
2026-08-29T20:35:33Z,1.0000
2026-08-29T20:35:34Z,1.0000
2026-08-29T20:35:35Z,1.0000
2026-08-29T20:35:36Z,1.0000
2026-08-29T20:35:37Z,1.0000
2026-08-29T20:35:38Z,1.0000
2026-08-29T20:35:39Z,1.0000
2026-08-29T20:35:40Z,1.0000
2026-08-29T20:35:41Z,1.0000
2026-08-29T20:35:42Z,1.0000
2026-08-29T20:35:43Z,1.0000
2026-08-29T20:35:44Z,1.0000
2026-08-29T20:35:45Z,1.0000
2026-08-29T20:35:46Z,1.0000
2026-08-29T20:35:47Z,1.0000
2026-08-29T20:35:48Z,1.0000
2026-08-29T20:35:49Z,1.0000
2026-08-29T20:35:50Z,1.0000
2026-08-29T20:35:51Z,1.0000
2026-08-29T20:35:52Z,1.0000
2026-08-29T20:35:53Z,1.0000
2026-08-29T20:35:54Z,1.0000
2026-08-29T20:35:55Z,1.0000
2026-08-29T20:35:56Z,1.0000
2026-08-29T20:35:57Z,1.0000
2026-08-29T20:35:58Z,1.0000
2026-08-29T20:35:59Z,1.0000
2026-08-29T20:36:00Z,1.0000
2026-08-29T20:36:01Z,1.0000
2026-08-29T20:36:02Z,1.0000
2026-08-29T20:36:03Z,1.0000
2026-08-29T20:36:04Z,1.0000
2026-08-29T20:36:05Z,1.0000
2026-08-29T20:36:06Z,1.0000
2026-08-29T20:36:07Z,1.0000
2026-08-29T20:36:08Z,1.0000
2026-08-29T20:36:09Z,1.0000
2026-08-29T20:36:10Z,1.0000
2026-08-29T20:36:11Z,1.0000
2026-08-29T20:36:12Z,1.0000
2026-08-29T20:36:13Z,1.0000
2026-08-29T20:36:14Z,1.0000
2026-08-29T20:36:15Z,1.0000
2026-08-29T20:36:16Z,1.0000
2026-08-29T20:36:17Z,1.0000
2026-08-29T20:36:18Z,1.0000
2026-08-29T20:36:19Z,1.0000
2026-08-29T20:36:20Z,1.0000
2026-08-29T20:36:21Z,1.0000
2026-08-29T20:36:22Z,1.0000
2026-08-29T20:36:23Z,1.0000
2026-08-29T20:36:24Z,1.0000
2026-08-29T20:36:25Z,1.0000
2026-08-29T20:36:26Z,1.0000
2026-08-29T20:36:27Z,1.0000
2026-08-29T20:36:28Z,1.0000
2026-08-29T20:36:29Z,1.0000
2026-08-29T20:36:30Z,1.0000
2026-08-29T20:36:31Z,1.0000
2026-08-29T20:36:32Z,1.0000
2026-08-29T20:36:33Z,1.0000
2026-08-29T20:36:34Z,1.0000
2026-08-29T20:36:35Z,1.0000
2026-08-29T20:36:36Z,1.0000
2026-08-29T20:36:37Z,1.0000
2026-08-29T20:36:38Z,1.0000
2026-08-29T20:36:39Z,1.0000
2026-08-29T20:36:40Z,1.0000
2026-08-29T20:36:41Z,1.0000
2026-08-29T20:36:42Z,1.0000
2026-08-29T20:36:43Z,1.0000
2026-08-29T20:36:44Z,1.0000
2026-08-29T20:36:45Z,1.0000
2026-08-29T20:36:46Z,1.0000
2026-08-29T20:36:47Z,1.0000
2026-08-29T20:36:48Z,1.0000
2026-08-29T20:36:49Z,1.0000
2026-08-29T20:36:50Z,1.0000
2026-08-29T20:36:51Z,1.0000
2026-08-29T20:36:52Z,1.0000
2026-08-29T20:36:53Z,1.0000
2026-08-29T20:36:54Z,1.0000
2026-08-29T20:36:55Z,1.0000
2026-08-29T20:36:56Z,1.0000
2026-08-29T20:36:57Z,1.0000
2026-08-29T20:36:58Z,1.0000
2026-08-29T20:36:59Z,1.0000
2026-08-29T20:37:00Z,1.0000
2026-08-29T20:37:01Z,1.0000
2026-08-29T20:37:02Z,1.0000
2026-08-29T20:37:03Z,1.0000
2026-08-29T20:37:04Z,1.0000
2026-08-29T20:37:05Z,1.0000
2026-08-29T20:37:06Z,1.0000
2026-08-29T20:37:07Z,1.0000
2026-08-29T20:37:08Z,1.0000
2026-08-29T20:37:09Z,1.0000
2026-08-29T20:37:10Z,1.0000
2026-08-29T20:37:11Z,1.0000
2026-08-29T20:37:12Z,1.0000
2026-08-29T20:37:13Z,1.0000
2026-08-29T20:37:14Z,1.0000
2026-08-29T20:37:15Z,1.0000
2026-08-29T20:37:16Z,1.0000
2026-08-29T20:37:17Z,1.0000
2026-08-29T20:37:18Z,1.0000
2026-08-29T20:37:19Z,1.0000
2026-08-29T20:37:20Z,1.0000
2026-08-29T20:37:21Z,1.0000
2026-08-29T20:37:22Z,1.0000
2026-08-29T20:37:23Z,1.0000
2026-08-29T20:37:24Z,1.0000
2026-08-29T20:37:25Z,1.0000
2026-08-29T20:37:26Z,1.0000
2026-08-29T20:37:27Z,1.0000
2026-08-29T20:37:28Z,1.0000
2026-08-29T20:37:29Z,1.0000
2026-08-29T20:37:30Z,1.0000
2026-08-29T20:37:31Z,1.0000
2026-08-29T20:37:32Z,1.0000
2026-08-29T20:37:33Z,1.0000
2026-08-29T20:37:34Z,1.0000
2026-08-29T20:37:35Z,1.0000
2026-08-29T20:37:36Z,1.0000
2026-08-29T20:37:37Z,1.0000
2026-08-29T20:37:38Z,1.0000
2026-08-29T20:37:39Z,1.0000
2026-08-29T20:37:40Z,1.0000
2026-08-29T20:37:41Z,1.0000
2026-08-29T20:37:42Z,1.0000
2026-08-29T20:37:43Z,1.0000
2026-08-29T20:37:44Z,1.0000
2026-08-29T20:37:45Z,1.0000
2026-08-29T20:37:46Z,1.0000
2026-08-29T20:37:47Z,1.0000
2026-08-29T20:37:48Z,1.0000
2026-08-29T20:37:49Z,1.0000
2026-08-29T20:37:50Z,1.0000
2026-08-29T20:37:51Z,1.0000
2026-08-29T20:37:52Z,1.0000
2026-08-29T20:37:53Z,1.0000
2026-08-29T20:37:54Z,1.0000
2026-08-29T20:37:55Z,1.0000
2026-08-29T20:37:56Z,1.0000
2026-08-29T20:37:57Z,1.0000
2026-08-29T20:37:58Z,1.0000
2026-08-29T20:37:59Z,1.0000
2026-08-29T20:38:00Z,1.0000
2026-08-29T20:38:01Z,1.0000
2026-08-29T20:38:02Z,1.0000
2026-08-29T20:38:03Z,1.0000
2026-08-29T20:38:04Z,1.0000
2026-08-29T20:38:05Z,1.0000
2026-08-29T20:38:06Z,1.0000
2026-08-29T20:38:07Z,1.0000
2026-08-29T20:38:08Z,1.0000
2026-08-29T20:38:09Z,1.0000
2026-08-29T20:38:10Z,1.0000
2026-08-29T20:38:11Z,1.0000
2026-08-29T20:38:12Z,1.0000
2026-08-29T20:38:13Z,1.0000
2026-08-29T20:38:14Z,1.0000
2026-08-29T20:38:15Z,1.0000
2026-08-29T20:38:16Z,1.0000
2026-08-29T20:38:17Z,1.0000
2026-08-29T20:38:18Z,1.0000
2026-08-29T20:38:19Z,1.0000
2026-08-29T20:38:20Z,1.0000
2026-08-29T20:38:21Z,1.0000
2026-08-29T20:38:22Z,1.0000
2026-08-29T20:38:23Z,1.0000
2026-08-29T20:38:24Z,1.0000
2026-08-29T20:38:25Z,1.0000
2026-08-29T20:38:26Z,1.0000
2026-08-29T20:38:27Z,1.0000
2026-08-29T20:38:28Z,1.0000
2026-08-29T20:38:29Z,1.0000
2026-08-29T20:38:30Z,1.0000
2026-08-29T20:38:31Z,1.0000
2026-08-29T20:38:32Z,1.0000
2026-08-29T20:38:33Z,1.0000
2026-08-29T20:38:34Z,1.0000
2026-08-29T20:38:35Z,1.0000
2026-08-29T20:38:36Z,1.0000
2026-08-29T20:38:37Z,1.0000
2026-08-29T20:38:38Z,1.0000
2026-08-29T20:38:39Z,1.0000
2026-08-29T20:38:40Z,1.0000
2026-08-29T20:38:41Z,1.0000
2026-08-29T20:38:42Z,1.0000
2026-08-29T20:38:43Z,1.0000
2026-08-29T20:38:44Z,1.0000
2026-08-29T20:38:45Z,1.0000
2026-08-29T20:38:46Z,1.0000
2026-08-29T20:38:47Z,1.0000
2026-08-29T20:38:48Z,1.0000
2026-08-29T20:38:49Z,1.0000
2026-08-29T20:38:50Z,1.0000
2026-08-29T20:38:51Z,1.0000
2026-08-29T20:38:52Z,1.0000
2026-08-29T20:38:53Z,1.0000
2026-08-29T20:38:54Z,1.0000
2026-08-29T20:38:55Z,1.0000
2026-08-29T20:38:56Z,1.0000
2026-08-29T20:38:57Z,1.0000
2026-08-29T20:38:58Z,1.0000
2026-08-29T20:38:59Z,1.0000
2026-08-29T20:39:00Z,1.0000
2026-08-29T20:39:01Z,1.0000
2026-08-29T20:39:02Z,1.0000
2026-08-29T20:39:03Z,1.0000
2026-08-29T20:39:04Z,1.0000
2026-08-29T20:39:05Z,1.0000
2026-08-29T20:39:06Z,1.0000
2026-08-29T20:39:07Z,1.0000
2026-08-29T20:39:08Z,1.0000
2026-08-29T20:39:09Z,1.0000
2026-08-29T20:39:10Z,1.0000
2026-08-29T20:39:11Z,1.0000
2026-08-29T20:39:12Z,1.0000
2026-08-29T20:39:13Z,1.0000
2026-08-29T20:39:14Z,1.0000
2026-08-29T20:39:15Z,1.0000
2026-08-29T20:39:16Z,1.0000
2026-08-29T20:39:17Z,1.0000
2026-08-29T20:39:18Z,1.0000
2026-08-29T20:39:19Z,1.0000
2026-08-29T20:39:20Z,1.0000
2026-08-29T20:39:21Z,1.0000
2026-08-29T20:39:22Z,1.0000
2026-08-29T20:39:23Z,1.0000
2026-08-29T20:39:24Z,1.0000
2026-08-29T20:39:25Z,1.0000
2026-08-29T20:39:26Z,1.0000
2026-08-29T20:39:27Z,1.0000
2026-08-29T20:39:28Z,1.0000
2026-08-29T20:39:29Z,1.0000
2026-08-29T20:39:30Z,1.0000
2026-08-29T20:39:31Z,1.0000
2026-08-29T20:39:32Z,1.0000
2026-08-29T20:39:33Z,1.0000
2026-08-29T20:39:34Z,1.0000
2026-08-29T20:39:35Z,1.0000
2026-08-29T20:39:36Z,1.0000
2026-08-29T20:39:37Z,1.0000
2026-08-29T20:39:38Z,1.0000
2026-08-29T20:39:39Z,1.0000
2026-08-29T20:39:40Z,1.0000
2026-08-29T20:39:41Z,1.0000
2026-08-29T20:39:42Z,1.0000
2026-08-29T20:39:43Z,1.0000
2026-08-29T20:39:44Z,1.0000
2026-08-29T20:39:45Z,1.0000
2026-08-29T20:39:46Z,1.0000
2026-08-29T20:39:47Z,1.0000
2026-08-29T20:39:48Z,1.0000
2026-08-29T20:39:49Z,1.0000
2026-08-29T20:39:50Z,1.0000
2026-08-29T20:39:51Z,1.0000
2026-08-29T20:39:52Z,1.0000
2026-08-29T20:39:53Z,1.0000
2026-08-29T20:39:54Z,1.0000
2026-08-29T20:39:55Z,1.0000
2026-08-29T20:39:56Z,1.0000
2026-08-29T20:39:57Z,1.0000
2026-08-29T20:39:58Z,1.0000
2026-08-29T20:39:59Z,1.0000
